{
	"format_version": "1.10.0",
	"animations": {
		"henshin": {
			"animation_length": 5.52,
			"bones": {
				"hopper": {
					"rotation": {
						"0.6": [0, 0, 0],
						"0.68": [9, 0, 0],
						"0.84": [-9, 0, 0],
						"1.12": [5, 0, 0],
						"1.24": [17, 0, 0],
						"1.4": [31.5, 0, 0],
						"1.56": [87, 5, 0],
						"1.8": [87, 5, 0],
						"1.92": [87, -67.5, 0],
						"2.0": [87, -402.5, 0],
						"2.08": [87, -730, 0],
						"2.12": [87, -1057.5, 0],
						"2.16": [87, -1792.5, 0],
						"2.2": [87, -3657.5, 0],
						"2.24": [87, -7657.5, 0],
						"2.28": [87, -9657.5, 0],
						"2.32": [87, -11657.5, 0],
						"2.36": [87, -13657.5, 0],
						"2.4": [87, -15657.5, 0],
						"2.44": [87, -17657.5, 0],
						"2.48": [87, -19657.5, 0],
						"2.6": [87, -39657.5, 0],
						"2.68": [87, -59657.5, 0]
					},
					"position": {
						"0.24": [0, 0, 0],
						"0.6": [0, -65.3359, 0],
						"0.68": [0, -70.5855, 0],
						"0.84": [0, -61.3166, 0],
						"1.12": [0, -67.2223, 0],
						"1.4": [0, 60.2591, 22],
						"1.56": [0, 108.2825, 69.76172],
						"1.64": [-5.42578, -51.612, 69.76],
						"1.84": [-5.42578, -51.612, 69.76]
					},
					"scale": {
						"1.8": [1, 1, 1],
						"1.84": [0.6, 1, 1],
						"2.0": [1.1525, 1.5547, 1],
						"2.04": [0.9688, 0.95, 1],
						"2.08": [0.6043, 0.9392, 1],
						"2.24": [0.4, 0.9, 1],
						"2.32": [0.5, 0.9, 1],
						"2.4": [0.3, 0.7, 2.8],
						"2.48": [0.1, 0.2, 4.5],
						"2.56": [0.05, 0.05, 7.9],
						"2.68": [0, 0, 0]
					}
				},
				"bone58": {
					"rotation": {
						"0.6": [0, 0, 0],
						"0.68": [-15, 0, -5],
						"0.84": [58, 3.5, -5],
						"1.12": [-4, 8.5, -5],
						"1.24": [91, 8.5, -5],
						"1.4": [111, 8.5, -5],
						"1.48": [111, -24, -5],
						"1.68": [111, -24, -42.5],
						"1.72": [111, -24, -75],
						"1.76": [111, -24, -122.5],
						"1.8": [103.5, -64, 2.5]
					}
				},
				"bone57": {
					"rotation": {
						"0.6": [0, 0, 0],
						"0.68": [0, 0, 0],
						"0.84": [-23, 0, 0],
						"1.12": [10, 0, 0],
						"1.24": [-90, 0, 0],
						"1.4": [-110, 0, 0],
						"1.48": [-145, 0, 0],
						"1.72": [-145, 0, 0],
						"1.8": [0, 82.5, 0],
						"1.84": [0, 25, 0]
					}
				},
				"bone56": {
					"rotation": {
						"0.56": [0, 0, 0],
						"0.64": [-23, 0, 0],
						"1.4": [-20.5, 0, 0]
					}
				},
				"helmet": {
					"rotation": {
						"1.84": [0, 0, 0],
						"2.04": [0, -1800, 0],
						"2.16": [0, -1237.5, 0],
						"2.36": [0, -3600, 0]
					},
					"scale": {
						"1.84": [0, 0, 0],
						"2.16": [1, 1, 1]
					}
				},
				"rightArm": {
					"scale": {
						"1.96": [0, 0, 0],
						"2.0": [1, 1, 1]
					}
				},
				"bone62": {
					"scale": {
						"1.84": [1, 1, 1],
						"1.88": [0, 0, 0]
					}
				},
				"bone60": {
					"scale": {
						"1.84": [1, 1, 1],
						"1.88": [0, 0, 0]
					}
				},
				"bone65": {
					"rotation": {
						"1.72": [0, 0, 0],
						"1.8": [-90, 0, 90]
					},
					"position": {
						"1.72": [0, 0, 0],
						"1.8": [-2.58594, -9.30859, 22.37891]
					}
				},
				"bone66": {
					"rotation": {
						"1.72": [0, 0, 0],
						"1.8": [-90, 0, 270]
					},
					"position": {
						"1.72": [0, 0, 0],
						"1.8": [6.80859, -13.12891, 23.83594]
					}
				},
				"bone53": {
					"rotation": {
						"0.6": [0, 0, 0],
						"0.68": [10, -2, 0],
						"0.84": [-30, -25, 0],
						"1.12": [-7, -7, 0],
						"1.24": [-102, -7, 0],
						"1.4": [-139.5, 5.5, 0],
						"1.48": [-139.5, 33, 0],
						"1.68": [-89.5, 33, 0],
						"1.8": [-2, 33, -5],
						"1.84": [-142, 33, -20]
					}
				},
				"bone7": {
					"rotation": {
						"0.6": [0, 0, 0],
						"0.68": [4.5, 10, 0],
						"0.84": [28.5, 10, 0],
						"1.12": [12.5, 10, 0],
						"1.24": [87.5, 10, 0],
						"1.4": [127.5, 10, 0],
						"1.48": [165, 10, 0],
						"1.68": [179.58, 10, 0],
						"1.8": [197.25, 10, 0],
						"1.84": [22.5, 10, 0]
					}
				},
				"bone52": {
					"rotation": {
						"0.6": [0, 0, 0],
						"0.68": [-27, 0, 0],
						"1.68": [-99.05, 0, 0],
						"1.84": [-139.5, 0, 0]
					}
				},
				"bone51": {
					"rotation": {
						"0.6": [-4, -5, 0],
						"0.68": [-1, -4, -7],
						"0.84": [-11, -13.5, -7],
						"1.12": [-4, -6.5, -7],
						"1.24": [-66.5, -6.5, -7],
						"1.4": [-94, -6.5, -7],
						"1.48": [-94, 36, -7],
						"1.68": [-94, 36, -87],
						"1.72": [-94, 36, -102],
						"1.8": [-71.5, 61, -229.5]
					}
				},
				"bone50": {
					"rotation": {
						"0.6": [-13.5, 0, 0],
						"0.68": [-22, 0, 0],
						"0.84": [-6.89, 0, 0],
						"1.12": [-19.89, 0, 0],
						"1.24": [55.11, 0, 0],
						"1.4": [92.61, 0, 0],
						"1.72": [145.11, 0, 0],
						"1.8": [277.61, -10, 0]
					}
				},
				"bone49": {
					"rotation": {
						"0.6": [0, 0, 0],
						"0.68": [1, 0, 0],
						"1.68": [13.5, 0, 0]
					}
				},
				"bone46": {
					"rotation": {
						"0.56": [62.5, 0, 0],
						"0.6": [0, 0, 0],
						"0.68": [-29, 0, 8],
						"0.84": [43.5, -15, 8],
						"1.12": [-3.5, -11, 8],
						"1.24": [69, -1, 8],
						"1.4": [106.5, -1, 8],
						"1.48": [106.5, 6.5, 8],
						"1.68": [106.5, 1.5, 25.5],
						"1.72": [106.5, 1.5, 83],
						"1.76": [106.5, 1.5, 135.5],
						"1.8": [106.5, 44, 0.5]
					}
				},
				"bone45": {
					"rotation": {
						"0.56": [-37.5, 0, 0],
						"0.6": [0, 0, 0],
						"0.68": [26, 0, 0],
						"0.84": [-16.5, 0, 0],
						"1.12": [6.5, 0, 0],
						"1.24": [-53.5, 0, 0],
						"1.4": [-96, 0, 0],
						"1.48": [-116, 0, 0],
						"1.72": [-131, 0, 0],
						"1.8": [29, 0, 0]
					}
				},
				"bone44": {
					"rotation": {
						"0.56": [20, 0, 0],
						"0.6": [0, 0, 0],
						"0.68": [-28, 0, 0],
						"1.4": [-10.5, 0, 0]
					}
				},
				"bone41": {
					"rotation": {
						"0.6": [-8, 3, 0],
						"0.68": [27, 0, 0],
						"0.84": [-38, 22, 0],
						"1.12": [2, 1, 0],
						"1.24": [-95.5, 1, 0],
						"1.4": [-125.5, 1, 0],
						"1.48": [-125.5, -36.5, 0],
						"1.68": [-80.5, -36.5, 0],
						"1.8": [2, -36.5, 0],
						"1.84": [-148, -36.5, 0]
					}
				},
				"bone40": {
					"rotation": {
						"0.6": [4, 0, 0],
						"0.68": [-15.5, -6, 0],
						"0.84": [27, -6, 0],
						"1.12": [-5, -4, 0],
						"1.24": [95, -4, 0],
						"1.4": [122.5, -4, 0],
						"1.48": [137.5, -4, 0],
						"1.8": [200, -4, 0],
						"1.84": [40, -4, 0]
					}
				},
				"bone39": {
					"rotation": {
						"0.6": [0, 0, 0],
						"0.68": [9, 0, 0],
						"1.4": [-31, 0, 0],
						"1.84": [-141, 0, 0]
					}
				},
				"bone37": {
					"rotation": {
						"0.6": [-3, 0, 0],
						"0.68": [-5, 6, 0],
						"0.84": [-9, 9, 0],
						"1.12": [-9, 7, 0],
						"1.24": [-84, 7, 0],
						"1.4": [-114, 7, 0],
						"1.48": [-114, -70.5, 30],
						"1.68": [-114, -70.5, 105],
						"1.72": [-114, -70.5, 122.5],
						"1.8": [-114, -108, 250]
					}
				},
				"bone36": {
					"rotation": {
						"0.6": [0, 5, 0],
						"0.68": [-3, -11, 0],
						"0.84": [13, -11, 0],
						"1.12": [0, -11, 0],
						"1.24": [87.5, -11, 0],
						"1.4": [100, -11, 0],
						"1.72": [147.5, -11, 0],
						"1.8": [272.5, -11, 0]
					}
				},
				"bone35": {
					"rotation": {
						"0.6": [0, 0, 0],
						"0.68": [11, 0, 0],
						"1.12": [1, 0, 0],
						"1.68": [11, 0, 0]
					}
				},
				"bone77": {
					"scale": {
						"1.84": [1, 1, 1],
						"1.88": [0, 0, 0]
					}
				},
				"chest": {
					"scale": {
						"2.2": [0, 0, 0],
						"2.28": [1, 1, 1]
					}
				},
				"leftLeg": {
					"rotation": {
						"2.6": [0, 45, 0],
						"2.68": [0, 92.5, 0],
						"2.8": [0, 122.5, 0],
						"2.96": [0, 232.5, 0]
					}
				},
				"bone112": {
					"rotation": {
						"2.08": [0, -247.5, 0],
						"2.24": [0, -517.5, 0],
						"2.4": [0, -720, 0]
					},
					"scale": {
						"1.96": [0, 0, 0],
						"2.0": [1, 1, 1]
					}
				}
			}
		}
	}
}
